{
  "urls": [
    "audio.mp3",
    "audio.ogg"
  ],
  "sprite": {
    "67354_steel": [
      0,
      731.4285714285714
    ],
    "a_01": [
      2000,
      1924.7165532879817
    ],
    "a_02": [
      5000,
      8364.08163265306
    ],
    "a_03": [
      15000,
      1961.7233560090704
    ],
    "a_04": [
      18000,
      2680.453514739227
    ],
    "a_05": [
      22000,
      2703.6734693877556
    ],
    "a_06": [
      26000,
      2579.591836734693
    ],
    "a_07": [
      30000,
      3664.3990929705196
    ],
    "a_08": [
      35000,
      6838.27664399093
    ],
    "a_09": [
      43000,
      3771.4285714285725
    ],
    "a_10": [
      48000,
      2813.6054421768717
    ],
    "a_11": [
      52000,
      3789.387755102041
    ],
    "a_12": [
      57000,
      3644.081632653062
    ],
    "a_13": [
      62000,
      4899.410430838998
    ],
    "a_14": [
      68000,
      5518.367346938774
    ],
    "a_15": [
      75000,
      6612.789115646251
    ],
    "a_16": [
      83000,
      3465.578231292511
    ],
    "a_17": [
      88000,
      4642.539682539677
    ],
    "a_18": [
      94000,
      4284.081632653056
    ],
    "a_19": [
      100000,
      3683.2653061224505
    ],
    "a_20": [
      105000,
      3981.859410430843
    ],
    "a_20_1": [
      110000,
      3506.2131519274403
    ],
    "a_21": [
      115000,
      2160.1814058956847
    ],
    "a_22": [
      119000,
      1903.3106575963784
    ],
    "a_23": [
      122000,
      2652.8798185941014
    ],
    "a_23_1": [
      126000,
      2023.7641723356035
    ],
    "a_24": [
      130000,
      6273.015873015879
    ],
    "a_25": [
      138000,
      5590.929705215416
    ],
    "a_26": [
      145000,
      4080.7256235827654
    ],
    "a_27": [
      151000,
      3231.746031746042
    ],
    "a_28": [
      156000,
      5830.748299319737
    ],
    "a_29": [
      163000,
      5289.795918367361
    ],
    "a_30": [
      170000,
      3227.2108843537526
    ],
    "a_31": [
      175000,
      6095.238095238102
    ],
    "a_32": [
      183000,
      4534.9659863945535
    ],
    "a_33": [
      189000,
      7219.047619047615
    ],
    "a_34": [
      198000,
      4414.693877551031
    ],
    "a_35": [
      204000,
      7876.462585034005
    ],
    "a_36": [
      213000,
      9881.179138321982
    ],
    "a_37": [
      224000,
      3728.979591836747
    ],
    "a_38_alt": [
      229000,
      7961.904761904748
    ],
    "a_39": [
      238000,
      3209.7959183673483
    ],
    "a_40": [
      243000,
      3902.040816326519
    ],
    "a_41": [
      248000,
      2632.5623582766298
    ],
    "a_42": [
      252000,
      4819.047619047637
    ],
    "a_43": [
      258000,
      2752.653061224464
    ],
    "a_44": [
      262000,
      2426.48526077096
    ],
    "a_45": [
      266000,
      1239.7278911564626
    ],
    "filling": [
      269000,
      4893.605442176863
    ],
    "hammer1": [
      275000,
      1849.6145124716463
    ],
    "misc010": [
      278000,
      4039.5464852607574
    ],
    "misc013": [
      284000,
      3296.5079365079646
    ],
    "misc142": [
      289000,
      5042.176870748279
    ],
    "misc14___1_": [
      296000,
      2826.3038548752775
    ],
    "tablet_bottle_1": [
      300000,
      1908.7528344671227
    ],
    "wood_logs_1": [
      303000,
      6786.394557823143
    ]
  }
}